pos	NA18976	NA19909	NA18952	NA18940	NA18943	NA18945	NA18970	NA19240	HG00544
28500000	0	1	36	57	54	59	11	64	54
28600000	1	4	82	74	75	89	22	122	76
28700000	1	1	100	233	100	8	226	88	232
28800000	0	0	126	123	127	13	17	85	124
28900000	3	0	123	129	123	10	18	16	127
29000000	0	0	109	121	136	4	16	23	113
29100000	0	0	173	163	184	9	12	102	167
29200000	0	0	110	102	126	8	17	103	110
29300000	0	0	77	140	153	12	27	68	79
29400000	0	0	1	318	88	69	31	167	28
29500000	1	0	25	170	107	159	120	99	120
29600000	0	3	163	91	200	197	192	105	192
29700000	421	449	624	375	90	916	479	480	419
29800000	835	842	1217	366	26	1086	816	866	758
29900000	1609	1610	1769	9	11	1650	136	1856	541
30000000	29	19	286	5	16	110	23	22	87
30100000	0	0	81	7	80	81	207	14	56
30200000	0	0	127	2	126	138	136	124	124
30300000	0	1	132	7	137	112	234	258	146
30400000	5	4	37	29	72	148	141	262	48
30500000	0	0	113	113	9	95	18	6	111
30600000	2	0	12	26	10	137	139	3	22
30700000	1	1	51	104	53	98	145	116	105
30800000	0	0	323	27	243	76	41	194	3
30900000	0	2	109	69	64	136	72	132	4
31000000	0	2	342	354	482	423	14	294	3
31100000	0	2	376	445	296	483	272	418	0
31200000	2	5	557	639	538	687	704	248	0
31300000	16	5	883	1206	1511	1580	783	1302	7
31400000	17	8	341	314	602	317	572	369	1
31500000	0	1	223	135	143	37	152	198	0
31600000	0	1	13	31	42	71	102	113	0
31700000	0	2	6	17	16	73	19	62	1
31800000	10	2	9	64	59	74	23	68	1
31900000	1	0	3	28	43	57	42	36	0
32000000	5	8	7	44	52	87	53	69	4
32100000	0	0	13	48	43	48	42	73	0
32200000	0	0	263	365	156	81	209	218	1
32300000	2	3	539	483	50	51	401	431	2
32400000	154	99	410	311	606	812	492	686	120
32500000	153	187	1430	407	69	1475	1482	996	720
32600000	0	0	1951	1754	1635	2081	2234	2080	0
32700000	0	72	494	844	624	1353	1322	733	58
32800000	0	0	212	55	209	227	278	159	2
32900000	0	0	65	12	70	103	118	98	1
33000000	2	3	292	273	868	841	345	262	1
33100000	0	0	6	371	424	411	402	4	1
33200000	0	0	47	21	14	6	48	49	44
33300000	0	1	109	5	107	7	112	89	106
33400000	0	2	53	2	55	5	55	8	61
