sample	hap	gene	pos	closest	cds_off	known	asm	asm_base_check	aa	n_other_haps_with_31mer	other_hap_of_same_individual	examples
apr003	1	HLA-A	1475553	HLA-A*24:02:102:01	28	C	G	C	Val(GTC)<Leu(CTC)	194	True	GRCh38,HG00097,HG00099,HG00140,HG00146
apr003	1	HLA-A	1476264	HLA-A*24:02:102:01	368	A	T	A	Phe(TTT)<Tyr(TAT)	0	False	
apr003	1	HLA-A	1476281	HLA-A*24:02:102:01	385	C	T	C	Ser(TCG)<Pro(CCG)	144	True	HG00099,HG00140,HG00146,HG00235,HG00253
apr003	1	HLA-A	1476349	HLA-A*24:02:102:01	453	C	A	C	Lys(AAA)<Asn(AAC),HLA-A*24	243	True	GRCh38,HG00097,HG00099,HG00140,HG00146
apr011	1	HLA-C	2922601	HLA-C*03:02:02:01	28	C	A	C	Ile(ATC)<Leu(CTC)	70	False	HG00128,HG00232,HG00329,HG00621,HG00642
apr011	1	HLA-C	2922582	HLA-C*03:02:02:01	47	G	C	G	Ala(GCC)<Gly(GGC)	118	True	GRCh38,HG00097,HG00099,HG00146,HG00232
apr011	1	HLA-C	2922556	HLA-C*03:02:02:01	73	T	G	T	Gly(GGC)<Cys(TGC),HLA-C*03	360	True	GRCh38,HG00097,HG00099,HG00126,HG00128
NA20346	2	HLA-DPA1	4622149	HLA-DPA1*01:03:01:18Q	124	A	G	A	Ala(GCG)<Met(ATG)	0	False	
apr015	2	HLA-DPB1	4587253	HLA-DPB1*10:01:01:01	54	G	A	G	Leu(TTA)<Leu(TTG),HLA-DPB1*10	0	False	
apr002	1	HLA-DQB1	4337316	HLA-DQB1*02:02:01:01	777	T	C	T	Leu(CTC)<Leu(CTT),HLA-DQB1*02	276	True	GRCh38,HG00097,HG00126,HG00128,HG00133
HG02717	1	HLA-DQB1	4236512	HLA-DQB1*02:02:01:01	266	A	C	A	Ala(GCC)<Asp(GAC),HLA-DQB1*02	1	False	HG02109
apr001	1	HLA-DRB1	4159228	HLA-DRB1*16:01:01:01	375	T	A	T	Gln(CAA)<His(CAT)	278	True	HG00097,HG00099,HG00126,HG00128,HG00133
apr001	1	HLA-DRB1	4159213	HLA-DRB1*16:01:01:01	390	G	A	G	Val(GTA)<Val(GTG)	278	True	HG00097,HG00099,HG00126,HG00128,HG00133
apr001	1	HLA-DRB1	4159118	HLA-DRB1*16:01:01:01	485	G	T	G	Leu(CTG)<Rrg(CGG)	221	False	HG00126,HG00128,HG00133,HG00140,HG00146
apr001	1	HLA-DRB1	4159092	HLA-DRB1*16:01:01:01	511	G	A	G	Met(ATG)<Val(GTG)	141	False	HG00126,HG00128,HG00140,HG00146,HG00235
apr001	1	HLA-DRB1	4159018	HLA-DRB1*16:01:01:01	585	G	A	G	Rrg(CGA)<Rrg(CGG),HLA-DRB1*16	378	True	HG00097,HG00099,HG00126,HG00128,HG00133
apr038	1	HLA-DRB1	4157011	HLA-DRB1*14:06:01	14	A	G	A	Rrg(AGG)<Lys(AAG)	252	False	GRCh38,HG00097,HG00126,HG00128,HG00140
apr038	1	HLA-DRB1	4156984	HLA-DRB1*14:06:01	41	C	T	C	Val(GTT)<Ala(GCG)	2	False	apr003,apr034
apr038	1	HLA-DRB1	4156929	HLA-DRB1*14:06:01	96	C	A	C	Rrg(AGA)<Rrg(CGA)	115	False	HG00128,HG00133,HG00140,HG00146,HG00235
apr038	1	HLA-DRB1	4151637	HLA-DRB1*14:06:01	114	C	T	G	Tyr(TAC)<CAGC(CAGC)	0	False	
apr038	1	HLA-DRB1	4151634	HLA-DRB1*14:06:01	117	A	C	G	Ser(TCT)<TT(TT)	0	False	
apr038	1	HLA-DRB1	4151585	HLA-DRB1*14:06:01	166	A	G	C	Tre(ACG)<Lys(AAG)	0	False	
apr038	1	HLA-DRB1	4151560	HLA-DRB1*14:06:01	191	T	A	A	Glu(GAG)<Glu(GAA)	0	False	
apr038	1	HLA-DRB1	4149083	HLA-DRB1*14:06:01	433	C	T	G	Asn(AAC)<Tyr(TAC)	252	False	GRCh38,HG00097,HG00126,HG00128,HG00140
apr038	1	HLA-DRB1	4149032	HLA-DRB1*14:06:01	484	C	T	C	Cys(TGT)<Cys(TGC)	221	False	HG00126,HG00128,HG00133,HG00140,HG00146
apr038	1	HLA-DRB1	4149016	HLA-DRB1*14:06:01	500	G	A	A	Asn(AAT)<Asn(AAC)	141	False	HG00126,HG00128,HG00140,HG00146,HG00235
apr038	1	HLA-DRB1	4148987	HLA-DRB1*14:06:01	529	G	C	A	Tre(ACT)<Ala(GCT)	274	False	GRCh38,HG00097,HG00126,HG00133,HG00232
apr038	1	HLA-DRB1	4148891	HLA-DRB1*14:06:01	625	G	A	G	His(CAC)<Gln(CAG)	0	False	
apr038	1	HLA-DRB1	4147550	HLA-DRB1*14:06:01	780	C	G	G	Tre(ACA)<Tre(ACG)	340	False	GRCh38,HG00097,HG00126,HG00128,HG00133
