sample	gene	truth	immuannot	truth_immuannot_1f	truth_immuannot_2f	truth_immuannot_3f	truth_immuannot_4f	fufihla	truth_fufihla_1f	truth_fufihla_2f	truth_fufihla_3f	truth_fufihla_4f
HG002	HLA-A	HLA-A*26:01:01:01/HLA-A*01:01:01:01	HLA-A*26:01:01:01/HLA-A*01:01:01:01	1.0	1.0	1.0	1.0	HLA-A*01:01:01:01/HLA-A*26:01:01:01	1.0	1.0	1.0	1.0
HG002	HLA-B	HLA-B*38:01:01:01/HLA-B*35:08:01:01	HLA-B*38:01:01:01/HLA-B*35:08:01:01	1.0	1.0	1.0	1.0	HLA-B*35:08:01:01/HLA-B*38:01:01:01	1.0	1.0	1.0	1.0
HG002	HLA-C	HLA-C*12:03:01:01/HLA-C*04:01:01:06	HLA-C*12:03:01:01/HLA-C*04:01:01:06	1.0	1.0	1.0	1.0	HLA-C*04:01:01:06/HLA-C*12:03:01:01	1.0	1.0	1.0	1.0
HG002	HLA-DQA1	HLA-DQA1*03:01:01:01/HLA-DQA1*01:05:01:01	HLA-DQA1*03:01:01:01/HLA-DQA1*01:05:01:01	1.0	1.0	1.0	1.0	HLA-DQA1*01:05:01:01/HLA-DQA1*03:01:01:01	1.0	1.0	1.0	1.0
HG002	HLA-DQB1	HLA-DQB1*03:02:01:01/HLA-DQB1*05:01:01:05	HLA-DQB1*03:02:01:01/HLA-DQB1*05:01:01:05	1.0	1.0	1.0	1.0	HLA-DQB1*03:02:01:01/HLA-DQB1*05:01:01:05	1.0	1.0	1.0	1.0
HG002	HLA-DRB1	HLA-DRB1*04:02:01/HLA-DRB1*10:01:01:03	HLA-DRB1*04:02:01/HLA-DRB1*10:01:01:03	1.0	1.0	1.0	1.0	HLA-DRB1*04:02:01/HLA-DRB1*10:01:01:03	1.0	1.0	1.0	1.0
HG00438	HLA-A	HLA-A*24:02:01:01/HLA-A*02:06:01:01	HLA-A*24:02:01:01/HLA-A*02:06:01:01	1.0	1.0	1.0	1.0	HLA-A*02:06:01:01/HLA-A*24:02:01:01	1.0	1.0	1.0	1.0
HG00438	HLA-B	HLA-B*54:01:01:01/HLA-B*51:01:01:01	HLA-B*54:01:01:01/HLA-B*51:01:01:01	1.0	1.0	1.0	1.0	HLA-B*51:01:01:01/HLA-B*54:01:01:01	1.0	1.0	1.0	1.0
HG00438	HLA-C	HLA-C*01:02:01:05/HLA-C*14:02:01:01	HLA-C*01:02:01:05/HLA-C*14:02:01:01	1.0	1.0	1.0	1.0	HLA-C*01:02:01:05/HLA-C*14:02:01:01	1.0	1.0	1.0	1.0
HG00438	HLA-DQA1	HLA-DQA1*01:04:01:02/HLA-DQA1*03:03:01:03	HLA-DQA1*01:04:01:02/HLA-DQA1*03:03:01:03	1.0	1.0	1.0	1.0	HLA-DQA1*01:04:01:02/HLA-DQA1*03:03:01:03	1.0	1.0	1.0	1.0
HG00438	HLA-DQB1	HLA-DQB1*05:03:01:02/HLA-DQB1*04:01:01:03	HLA-DQB1*05:03:01:02/HLA-DQB1*04:01:01:03	1.0	1.0	1.0	1.0	HLA-DQB1*04:01:01:03/HLA-DQB1*05:03:01:02	1.0	1.0	1.0	1.0
HG00438	HLA-DRB1	HLA-DRB1*14:05:01:02/HLA-DRB1*04:05:01:04	HLA-DRB1*14:05:01/HLA-DRB1*04:05:01	1.0	1.0	1.0	0.0	HLA-DRB1*04:05:01:04/HLA-DRB1*14:05:01:02	1.0	1.0	1.0	1.0
HG005	HLA-A	HLA-A*24:02:01:01/HLA-A*24:02:01:01	HLA-A*24:02:01:01/HLA-A*24:02:01:01	1.0	1.0	1.0	1.0	HLA-A*24:02:01:01/HLA-A*24:02:01:01	1.0	1.0	1.0	1.0
HG005	HLA-B	HLA-B*15:01:01:01/HLA-B*40:06:01:12	HLA-B*15:01:01:01/HLA-B*40:06:01:12	1.0	1.0	1.0	1.0	HLA-B*15:01:01:01/HLA-B*40:06:01:12	1.0	1.0	1.0	1.0
HG005	HLA-C	HLA-C*04:01:01:75/HLA-C*08:01:01:01	HLA-C*04:01:01:75/HLA-C*08:01:01:01	1.0	1.0	1.0	1.0	HLA-C*04:01:01:75/HLA-C*08:01:01:01	1.0	1.0	1.0	1.0
HG005	HLA-DQA1	HLA-DQA1*03:03:01:03/HLA-DQA1*03:02:01:01	HLA-DQA1*03:03:01:03/HLA-DQA1*03:02:01:01	1.0	1.0	1.0	1.0	HLA-DQA1*03:02:01:01/HLA-DQA1*03:03:01:03	1.0	1.0	1.0	1.0
HG005	HLA-DQB1	HLA-DQB1*04:01:01:03/HLA-DQB1*03:03:02:02	HLA-DQB1*04:01:01:03/HLA-DQB1*03:03:02:02	1.0	1.0	1.0	1.0	HLA-DQB1*03:03:02:02/HLA-DQB1*04:01:01:03	1.0	1.0	1.0	1.0
HG005	HLA-DRB1	HLA-DRB1*04:05:01:04/HLA-DRB1*09:01:02:03	HLA-DRB1*04:05:01/HLA-DRB1*09:01:02	1.0	1.0	1.0	0.0	HLA-DRB1*04:05:01:03/HLA-DRB1*09:01:02:03	1.0	1.0	1.0	0.0
HG00621	HLA-A	HLA-A*02:01:01:01/HLA-A*11:01:01:01	HLA-A*02:01:01:01/HLA-A*11:01:01:01	1.0	1.0	1.0	1.0	HLA-A*02:01:01:01/HLA-A*11:01:01:01	1.0	1.0	1.0	1.0
HG00621	HLA-B	HLA-B*56:01:01:04/HLA-B*51:01:01:06	HLA-B*56:01:01:04/HLA-B*51:01:01:06	1.0	1.0	1.0	1.0	HLA-B*51:01:01:06/HLA-B*56:01:01:04	1.0	1.0	1.0	1.0
HG00621	HLA-C	HLA-C*07:02:01:01/HLA-C*15:02:01:06	HLA-C*07:02:01:01/HLA-C*15:02:01:06	1.0	1.0	1.0	1.0	HLA-C*07:02:01:01/HLA-C*15:02:01:06	1.0	1.0	1.0	1.0
HG00621	HLA-DQA1	HLA-DQA1*03:02:01:01/HLA-DQA1*05:05:01:10	HLA-DQA1*03:02:01:04/HLA-DQA1*05:05:01:10	1.0	1.0	1.0	0.0	HLA-DQA1*03:02:01:04/HLA-DQA1*05:05:01:10	1.0	1.0	1.0	0.0
HG00621	HLA-DQB1	HLA-DQB1*03:03:02:02/HLA-DQB1*03:01:01:03	HLA-DQB1*03:03:02:02/HLA-DQB1*03:01:01:03	1.0	1.0	1.0	1.0	HLA-DQB1*03:01:01:03/HLA-DQB1*03:03:02:02	1.0	1.0	1.0	1.0
HG00621	HLA-DRB1	HLA-DRB1*09:01:02:03/HLA-DRB1*11:01:01:03	HLA-DRB1*09:01:02/HLA-DRB1*11:01:01:03	1.0	1.0	1.0	0.0	HLA-DRB1*09:01:02:03/HLA-DRB1*11:01:01:03	1.0	1.0	1.0	1.0
HG00673	HLA-A	HLA-A*02:06:01:01/HLA-A*02:03:01:01	HLA-A*02:06:01:01/HLA-A*02:03:01:01	1.0	1.0	1.0	1.0	HLA-A*02:03:01:01/HLA-A*02:06:01:01	1.0	1.0	1.0	1.0
HG00673	HLA-B	HLA-B*48:03:01:03/HLA-B*38:02:01:01	HLA-B*48:03:01:03/HLA-B*38:02:01:01	1.0	1.0	1.0	1.0	HLA-B*38:02:01:01/HLA-B*48:03:01:03	1.0	1.0	1.0	1.0
HG00673	HLA-C	HLA-C*08:01:01:01/HLA-C*07:02:01:01	HLA-C*08:01:01:01/HLA-C*07:02:01:01	1.0	1.0	1.0	1.0	HLA-C*07:02:01:01/HLA-C*08:01:01:01	1.0	1.0	1.0	1.0
HG00673	HLA-DQA1	HLA-DQA1*05:05:01:09/HLA-DQA1*01:03:01:07	HLA-DQA1*05:05:01:04/HLA-DQA1*01:03:01:07	1.0	1.0	1.0	0.0	HLA-DQA1*01:03:01:07/HLA-DQA1*05:05:01:02	1.0	1.0	1.0	0.0
HG00673	HLA-DQB1	HLA-DQB1*03:01:01:03/HLA-DQB1*06:01:01:01	HLA-DQB1*03:01:01:03/HLA-DQB1*06:01:01:01	1.0	1.0	1.0	1.0	HLA-DQB1*03:01:01:03/HLA-DQB1*06:01:01:01	1.0	1.0	1.0	1.0
HG00673	HLA-DRB1	HLA-DRB1*11:01:01:01/HLA-DRB1*08:03:02:02	HLA-DRB1*11:01:01/HLA-DRB1*08:03:02:02	1.0	1.0	1.0	0.0	HLA-DRB1*08:03:02:02/HLA-DRB1*11:01:01:01	1.0	1.0	1.0	1.0
HG00733	HLA-A	HLA-A*24:02:01:01/HLA-A*30:02:01:01	HLA-A*24:02:01:01/HLA-A*30:02:01:01	1.0	1.0	1.0	1.0	HLA-A*24:02:01:01/HLA-A*30:02:01:01	1.0	1.0	1.0	1.0
HG00733	HLA-B	HLA-B*35:02:01:02/HLA-B*18:01:01:01	HLA-B*35:02:01:02/HLA-B*18:01:01:01	1.0	1.0	1.0	1.0	HLA-B*18:01:01:01/HLA-B*35:02:01:02	1.0	1.0	1.0	1.0
HG00733	HLA-C	HLA-C*04:01:01:06/HLA-C*05:01:01:01	HLA-C*04:01:01:06/HLA-C*05:01:01:01	1.0	1.0	1.0	1.0	HLA-C*04:01:01:06/HLA-C*05:01:01:01	1.0	1.0	1.0	1.0
HG00733	HLA-DQA1	HLA-DQA1*05:05:01:01/HLA-DQA1*05:01:01:01	HLA-DQA1*05:05:01:09/HLA-DQA1*05:01:01:01	1.0	1.0	1.0	0.0	HLA-DQA1*05:01:01:01/HLA-DQA1*05:05:01:09	1.0	1.0	1.0	0.0
HG00733	HLA-DQB1	HLA-DQB1*03:01:01:02/HLA-DQB1*02:01:01:01	HLA-DQB1*03:01:01:02/HLA-DQB1*02:01:01:01	1.0	1.0	1.0	1.0	HLA-DQB1*02:01:01:01/HLA-DQB1*03:01:01:02	1.0	1.0	1.0	1.0
HG00733	HLA-DRB1	HLA-DRB1*11:04:01:01/HLA-DRB1*03:01:01:02	HLA-DRB1*11:04:01:01/HLA-DRB1*03:01:01:02	1.0	1.0	1.0	1.0	HLA-DRB1*03:01:01:02/HLA-DRB1*11:04:01:01	1.0	1.0	1.0	1.0
HG00735	HLA-A	HLA-A*31:01:02:01/HLA-A*33:01:01:01	HLA-A*31:01:02:01/HLA-A*33:01:01:01	1.0	1.0	1.0	1.0	HLA-A*31:01:02:01/HLA-A*33:01:01:01	1.0	1.0	1.0	1.0
HG00735	HLA-B	HLA-B*07:02:01:01/HLA-B*14:02:01:01	HLA-B*07:02:01:01/HLA-B*14:02:01:01	1.0	1.0	1.0	1.0	HLA-B*07:02:01:01/HLA-B*14:02:01:01	1.0	1.0	1.0	1.0
HG00735	HLA-C	HLA-C*07:02:01:03/HLA-C*08:02:01:01	HLA-C*07:02:01:03/HLA-C*08:02:01:01	1.0	1.0	1.0	1.0	HLA-C*07:02:01:03/HLA-C*08:02:01:01	1.0	1.0	1.0	1.0
HG00735	HLA-DQA1	HLA-DQA1*01:01:01:01/HLA-DQA1*03:01:01:01	HLA-DQA1*01:01:01:01/HLA-DQA1*03:01:01:01	1.0	1.0	1.0	1.0	HLA-DQA1*01:01:01:01/HLA-DQA1*03:01:01:01	1.0	1.0	1.0	1.0
HG00735	HLA-DQB1	HLA-DQB1*05:01:01:03/HLA-DQB1*03:02:01:01	HLA-DQB1*05:01:01:03/HLA-DQB1*03:02:01:01	1.0	1.0	1.0	1.0	HLA-DQB1*03:02:01:01/HLA-DQB1*05:01:01:03	1.0	1.0	1.0	1.0
HG00735	HLA-DRB1	HLA-DRB1*01:01:01:01/HLA-DRB1*04:11:01:02	HLA-DRB1*01:01:01:01/HLA-DRB1*04:11:01	1.0	1.0	1.0	0.0	HLA-DRB1*01:01:01:01/HLA-DRB1*04:11:01:02	1.0	1.0	1.0	1.0
HG00741	HLA-A	HLA-A*11:01:01:01/HLA-A*68:02:01:01	HLA-A*11:01:01:01/HLA-A*68:02:01:01	1.0	1.0	1.0	1.0	HLA-A*11:01:01:01/HLA-A*68:02:01:01	1.0	1.0	1.0	1.0
HG00741	HLA-B	HLA-B*35:01:01:05/HLA-B*57:03:01:02	HLA-B*35:01:01:05/HLA-B*57:03:01:02	1.0	1.0	1.0	1.0	HLA-B*35:01:01:05/HLA-B*57:03:01:02	1.0	1.0	1.0	1.0
HG00741	HLA-C	HLA-C*04:01:01:05/HLA-C*07:01:02:01	HLA-C*04:01:01:05/HLA-C*07:01:02:01	1.0	1.0	1.0	1.0	HLA-C*04:01:01:05/HLA-C*07:01:02:01	1.0	1.0	1.0	1.0
HG00741	HLA-DQA1	HLA-DQA1*05:05:01:01/HLA-DQA1*04:01:01:05	HLA-DQA1*05:05:01:01/HLA-DQA1*04:01:01:05	1.0	1.0	1.0	1.0	HLA-DQA1*04:01:01:05/HLA-DQA1*05:05:01:01	1.0	1.0	1.0	1.0
HG00741	HLA-DQB1	HLA-DQB1*03:01:01:03/HLA-DQB1*04:02:01:08	HLA-DQB1*03:01:01:03/HLA-DQB1*04:02:01:08	1.0	1.0	1.0	1.0	HLA-DQB1*03:01:01:03/HLA-DQB1*04:02:01:08	1.0	1.0	1.0	1.0
HG00741	HLA-DRB1	HLA-DRB1*11:01:01:05/HLA-DRB1*03:02:01:01	HLA-DRB1*11:01:01/HLA-DRB1*03:02:01	1.0	1.0	1.0	0.0	HLA-DRB1*03:02:01:01/HLA-DRB1*11:01:01:01	1.0	1.0	1.0	0.0
HG01071	HLA-A	HLA-A*24:02:01:01/HLA-A*03:01:01:01	HLA-A*24:02:01/HLA-A*03:01:01:01	1.0	1.0	1.0	0.0	HLA-A*03:01:01:01/HLA-A*24:02:01:01	1.0	1.0	1.0	1.0
HG01071	HLA-B	HLA-B*44:02:01:01/HLA-B*40:01:02:04	HLA-B*44:02:01:01/HLA-B*40:01:02:04	1.0	1.0	1.0	1.0	HLA-B*40:01:02:04/HLA-B*44:02:01:01	1.0	1.0	1.0	1.0
HG01071	HLA-C	HLA-C*05:01:01:02/HLA-C*03:04:01:01	HLA-C*05:01:01:02/HLA-C*03:04:01:01	1.0	1.0	1.0	1.0	HLA-C*03:04:01:01/HLA-C*05:01:01:02	1.0	1.0	1.0	1.0
HG01071	HLA-DQA1	HLA-DQA1*02:01:01:01/HLA-DQA1*05:01:01:03	HLA-DQA1*02:01:01:01/HLA-DQA1*05:01:01:03	1.0	1.0	1.0	1.0	HLA-DQA1*02:01:01:01/HLA-DQA1*05:01:01:01	1.0	1.0	1.0	0.0
HG01071	HLA-DQB1	HLA-DQB1*02:02:01:05/HLA-DQB1*02:01:01:01	HLA-DQB1*02:02:01:01/HLA-DQB1*02:01:01:01	1.0	1.0	1.0	0.0	HLA-DQB1*02:01:01:01/HLA-DQB1*02:02:01:01	1.0	1.0	1.0	0.0
HG01071	HLA-DRB1	HLA-DRB1*07:01:01:01/HLA-DRB1*03:01:01:03	HLA-DRB1*07:01:01:01/HLA-DRB1*03:01:01:03	1.0	1.0	1.0	1.0	HLA-DRB1*03:01:01:03/HLA-DRB1*07:01:01:01	1.0	1.0	1.0	1.0
HG01106	HLA-A	HLA-A*68:02:01:01/HLA-A*31:01:02:01	HLA-A*68:02:01:01/HLA-A*31:01:02:01	1.0	1.0	1.0	1.0	HLA-A*31:01:02:01/HLA-A*68:02:01:01	1.0	1.0	1.0	1.0
HG01106	HLA-B	HLA-B*14:02:01:01/HLA-B*49:01:01:03	HLA-B*14:02:01:01/HLA-B*49:01:01	1.0	1.0	1.0	0.0	HLA-B*14:02:01:01/HLA-B*49:01:01:14	1.0	1.0	1.0	0.0
HG01106	HLA-C	HLA-C*08:02:01:01/HLA-C*07:02:01:01	HLA-C*08:02:01:01/HLA-C*07:02:01:01	1.0	1.0	1.0	1.0	HLA-C*07:02:01:01/HLA-C*08:02:01:01	1.0	1.0	1.0	1.0
HG01106	HLA-DQA1	HLA-DQA1*05:01:01:01/HLA-DQA1*05:05:01:35	HLA-DQA1*05:01:01:01/HLA-DQA1*05:05:01:35	1.0	1.0	1.0	1.0	HLA-DQA1*05:01:01:01/HLA-DQA1*05:05:01:35	1.0	1.0	1.0	1.0
HG01106	HLA-DQB1	HLA-DQB1*02:01:01:01/HLA-DQB1*03:19:01:01	HLA-DQB1*02:01:01:01/HLA-DQB1*03:19:01:01	1.0	1.0	1.0	1.0	HLA-DQB1*02:01:01:01/HLA-DQB1*03:19:01:01	1.0	1.0	1.0	1.0
HG01106	HLA-DRB1	HLA-DRB1*03:01:01:02/HLA-DRB1*11:02:01:03	HLA-DRB1*03:01:01:02/HLA-DRB1*11:02:01	1.0	1.0	1.0	0.0	HLA-DRB1*03:01:01:02/HLA-DRB1*11:02:01:04	1.0	1.0	1.0	0.0
HG01109	HLA-A	HLA-A*68:01:02:01/HLA-A*30:02:01:01	HLA-A*68:01:02:01/HLA-A*30:02:01:01	1.0	1.0	1.0	1.0	HLA-A*30:02:01:01/HLA-A*68:01:02:01	1.0	1.0	1.0	1.0
HG01109	HLA-B	HLA-B*52:01:02:04/HLA-B*35:01:01:05	HLA-B*52:01:02/HLA-B*35:01:01:05	1.0	1.0	1.0	0.0	HLA-B*35:01:01:05/HLA-B*52:01:02:04	1.0	1.0	1.0	1.0
HG01109	HLA-C	HLA-C*03:04:01:02/HLA-C*04:01:01:14	HLA-C*03:04:01:02/HLA-C*04:01:01:14	1.0	1.0	1.0	1.0	HLA-C*03:04:01:02/HLA-C*04:01:01:14	1.0	1.0	1.0	1.0
HG01109	HLA-DQA1	HLA-DQA1*04:01:01:09/HLA-DQA1*01:01:02:01	HLA-DQA1*04:01:01:09/HLA-DQA1*01:01:02:01	1.0	1.0	1.0	1.0	HLA-DQA1*01:01:02:01/HLA-DQA1*04:01:01:09	1.0	1.0	1.0	1.0
HG01109	HLA-DQB1	HLA-DQB1*04:02:01:04/HLA-DQB1*05:01:01:01	HLA-DQB1*04:02:01:04/HLA-DQB1*05:01:01:01	1.0	1.0	1.0	1.0	HLA-DQB1*04:02:01:04/HLA-DQB1*05:01:01:01	1.0	1.0	1.0	1.0
HG01109	HLA-DRB1	HLA-DRB1*08:02:01:01/HLA-DRB1*01:02:01:01	HLA-DRB1*08:02:01:01/HLA-DRB1*01:02:01:01	1.0	1.0	1.0	1.0	HLA-DRB1*01:02:01:01/HLA-DRB1*08:02:01:01	1.0	1.0	1.0	1.0
HG01175	HLA-A	HLA-A*03:01:01:01/HLA-A*03:01:01:05	HLA-A*03:01:01:01/HLA-A*03:01:01:05	1.0	1.0	1.0	1.0	HLA-A*03:01:01:01/HLA-A*03:01:01:05	1.0	1.0	1.0	1.0
HG01175	HLA-B	HLA-B*07:02:01:01/HLA-B*53:01:01:01	HLA-B*07:02:01:01/HLA-B*53:01:01:01	1.0	1.0	1.0	1.0	HLA-B*07:02:01:01/HLA-B*53:01:01:01	1.0	1.0	1.0	1.0
HG01175	HLA-C	HLA-C*07:02:01:03/HLA-C*04:01:01:75	HLA-C*07:02:01:03/HLA-C*04:01:01:75	1.0	1.0	1.0	1.0	HLA-C*04:01:01:75/HLA-C*07:02:01:03	1.0	1.0	1.0	1.0
HG01175	HLA-DQA1	HLA-DQA1*01:02:01:01/HLA-DQA1*01:01:01:01	HLA-DQA1*01:02:01:01/HLA-DQA1*01:01:01:01	1.0	1.0	1.0	1.0	HLA-DQA1*01:01:01:01/HLA-DQA1*01:02:01:01	1.0	1.0	1.0	1.0
HG01175	HLA-DQB1	HLA-DQB1*06:02:01:01/HLA-DQB1*05:01:01:03	HLA-DQB1*06:02:01:01/HLA-DQB1*05:01:01:03	1.0	1.0	1.0	1.0	HLA-DQB1*05:01:01:03/HLA-DQB1*06:02:01:01	1.0	1.0	1.0	1.0
HG01175	HLA-DRB1	HLA-DRB1*15:01:01:01/HLA-DRB1*01:01:01:01	HLA-DRB1*15:01:01:01/HLA-DRB1*01:01:01:01	1.0	1.0	1.0	1.0	HLA-DRB1*01:01:01:01/HLA-DRB1*15:01:01:01	1.0	1.0	1.0	1.0
HG01243	HLA-A	HLA-A*74:01:01:01/HLA-A*02:02:01:01	HLA-A*74:01:01:01/HLA-A*02:02:01:01	1.0	1.0	1.0	1.0	HLA-A*02:02:01:01/HLA-A*74:01:01:01	1.0	1.0	1.0	1.0
HG01243	HLA-B	HLA-B*15:03:01:02/HLA-B*44:03:01:01	HLA-B*15:03:01:02/HLA-B*44:03:01:01	1.0	1.0	1.0	1.0	HLA-B*15:03:01:02/HLA-B*44:03:01:01	1.0	1.0	1.0	1.0
HG01243	HLA-C	HLA-C*02:10:01:01/HLA-C*16:01:01:01	HLA-C*02:10:01:01/HLA-C*16:01:01:01	1.0	1.0	1.0	1.0	HLA-C*02:10:01:01/HLA-C*16:01:01:01	1.0	1.0	1.0	1.0
HG01243	HLA-DQA1	HLA-DQA1*01:02:01:23/HLA-DQA1*01:03:01:02	HLA-DQA1*01:02:01:23/HLA-DQA1*01:03:01:02	1.0	1.0	1.0	1.0	HLA-DQA1*01:02:01:23/HLA-DQA1*01:03:01:02	1.0	1.0	1.0	1.0
HG01243	HLA-DQB1	HLA-DQB1*06:09:01:01/HLA-DQB1*06:03:01:01	HLA-DQB1*06:09:01:01/HLA-DQB1*06:03:01:01	1.0	1.0	1.0	1.0	HLA-DQB1*06:03:01:01/HLA-DQB1*06:09:01:01	1.0	1.0	1.0	1.0
HG01243	HLA-DRB1	HLA-DRB1*13:02:01:04/HLA-DRB1*13:01:01:02	HLA-DRB1*13:02:01:04/HLA-DRB1*13:01:01:02	1.0	1.0	1.0	1.0	HLA-DRB1*13:01:01:02/HLA-DRB1*13:02:01:04	1.0	1.0	1.0	1.0
HG01258	HLA-A	HLA-A*02:147/HLA-A*03:01:01:01	HLA-A*02:147/HLA-A*03:01:01:01	1.0	1.0	1.0	1.0	HLA-A*02:147/HLA-A*03:01:01:01	1.0	1.0	1.0	1.0
HG01258	HLA-B	HLA-B*15:01:01:01/HLA-B*07:02:01:01	HLA-B*15:01:01:01/HLA-B*07:02:01:01	1.0	1.0	1.0	1.0	HLA-B*07:02:01:01/HLA-B*15:01:01:01	1.0	1.0	1.0	1.0
HG01258	HLA-C	HLA-C*03:03:01:01/HLA-C*07:02:01:03	HLA-C*03:03:01:01/HLA-C*07:02:01:03	1.0	1.0	1.0	1.0	HLA-C*03:03:01:01/HLA-C*07:02:01:03	1.0	1.0	1.0	1.0
HG01258	HLA-DQA1	HLA-DQA1*01:03:01:02/HLA-DQA1*01:05:01:01	HLA-DQA1*01:03:01:02/HLA-DQA1*01:05:01:01	1.0	1.0	1.0	1.0	HLA-DQA1*01:03:01:02/HLA-DQA1*01:05:01:01	1.0	1.0	1.0	1.0
HG01258	HLA-DQB1	HLA-DQB1*06:03:01:01/HLA-DQB1*05:01:01:05	HLA-DQB1*06:03:01:01/HLA-DQB1*05:01:01:05	1.0	1.0	1.0	1.0	HLA-DQB1*05:01:01:05/HLA-DQB1*06:03:01:01	1.0	1.0	1.0	1.0
HG01258	HLA-DRB1	HLA-DRB1*13:01:01:02/HLA-DRB1*10:01:01:03	HLA-DRB1*13:01:01:02/HLA-DRB1*10:01:01:03	1.0	1.0	1.0	1.0	HLA-DRB1*10:01:01:03/HLA-DRB1*13:01:01:02	1.0	1.0	1.0	1.0
HG01358	HLA-A	HLA-A*24:02:01:01/HLA-A*30:02:01:01	HLA-A*24:02:01:01/HLA-A*30:02:01:01	1.0	1.0	1.0	1.0	HLA-A*24:02:01:01/HLA-A*30:02:01:01	1.0	1.0	1.0	1.0
HG01358	HLA-B	HLA-B*35:43:01/HLA-B*49:01:01:04	HLA-B*35:43:01/HLA-B*49:01:01:04	1.0	1.0	1.0	1.0	HLA-B*35:43:01:01/HLA-B*49:01:01:04	1.0	1.0	1.0	0.0
HG01358	HLA-C	HLA-C*01:02:01:01/HLA-C*07:01:01:16	HLA-C*01:02:01:01/HLA-C*07:01:01:16	1.0	1.0	1.0	1.0	HLA-C*01:02:01:01/HLA-C*07:01:01:16	1.0	1.0	1.0	1.0
HG01358	HLA-DQA1	HLA-DQA1*03:01:01:01/HLA-DQA1*01:02:01:04	HLA-DQA1*03:01:01:01/HLA-DQA1*01:02:01:04	1.0	1.0	1.0	1.0	HLA-DQA1*01:02:01:04/HLA-DQA1*03:01:01:01	1.0	1.0	1.0	1.0
HG01358	HLA-DQB1	HLA-DQB1*03:02:01:01/HLA-DQB1*06:04:01:01	HLA-DQB1*03:02:01:01/HLA-DQB1*06:04:01:01	1.0	1.0	1.0	1.0	HLA-DQB1*03:02:01:01/HLA-DQB1*06:04:01:01	1.0	1.0	1.0	1.0
HG01358	HLA-DRB1	HLA-DRB1*04:92/HLA-DRB1*13:02:01:02	HLA-DRB1*04:92/HLA-DRB1*13:02:01	1.0	1.0	1.0	0.0	HLA-DRB1*04:92/HLA-DRB1*13:02:01:02	1.0	1.0	1.0	1.0
HG01361	HLA-A	HLA-A*34:02:01:01/HLA-A*02:01:01:01	HLA-A*34:02:01:01/HLA-A*02:01:01:01	1.0	1.0	1.0	1.0	HLA-A*02:01:01:01/HLA-A*34:02:01:01	1.0	1.0	1.0	1.0
HG01361	HLA-B	HLA-B*58:02:01:01/HLA-B*44:03:01:01	HLA-B*58:02:01:01/HLA-B*44:03:01:01	1.0	1.0	1.0	1.0	HLA-B*44:03:01:01/HLA-B*58:02:01:01	1.0	1.0	1.0	1.0
HG01361	HLA-C	HLA-C*06:02:01:01/HLA-C*16:01:01:01	HLA-C*06:02:01:95/HLA-C*16:01:01:01	1.0	1.0	1.0	0.0	HLA-C*06:02:01:95/HLA-C*16:01:01:01	1.0	1.0	1.0	0.0
HG01361	HLA-DQA1	HLA-DQA1*05:05:01:35/HLA-DQA1*02:01:01:01	HLA-DQA1*05:05:01:35/HLA-DQA1*02:01:01:01	1.0	1.0	1.0	1.0	HLA-DQA1*02:01:01:01/HLA-DQA1*05:05:01:35	1.0	1.0	1.0	1.0
HG01361	HLA-DQB1	HLA-DQB1*03:01:01:16/HLA-DQB1*02:02:01:01	HLA-DQB1*03:01:01:16/HLA-DQB1*02:02:01:01	1.0	1.0	1.0	1.0	HLA-DQB1*02:02:01:01/HLA-DQB1*03:01:01:16	1.0	1.0	1.0	1.0
HG01361	HLA-DRB1	HLA-DRB1*11:02:01:02/HLA-DRB1*07:01:01:01	HLA-DRB1*11:02:01/HLA-DRB1*07:01:01:01	1.0	1.0	1.0	0.0	HLA-DRB1*07:01:01:01/HLA-DRB1*11:02:01:03	1.0	1.0	1.0	0.0
HG01891	HLA-A	HLA-A*30:01:01:01/HLA-A*30:01:01:01	HLA-A*30:01:01:01/HLA-A*30:01:01:01	1.0	1.0	1.0	1.0	HLA-A*30:01:01:01/HLA-A*30:01:01:01	1.0	1.0	1.0	1.0
HG01891	HLA-B	HLA-B*07:02:01:14/HLA-B*42:01:01:01	HLA-B*07:02:01:14/HLA-B*42:01:01:01	1.0	1.0	1.0	1.0	HLA-B*07:02:01:14/HLA-B*42:01:01:01	1.0	1.0	1.0	1.0
HG01891	HLA-C	HLA-C*07:02:01:01/HLA-C*17:01:01:02	HLA-C*07:02:01:01/HLA-C*17:01:01	1.0	1.0	1.0	0.0	HLA-C*07:02:01:01/HLA-C*17:01:01:02	1.0	1.0	1.0	1.0
HG01891	HLA-DQA1	HLA-DQA1*01:02:01:03/HLA-DQA1*01:01:02:01	HLA-DQA1*01:02:01:03/HLA-DQA1*01:01:02:01	1.0	1.0	1.0	1.0	HLA-DQA1*01:01:02:01/HLA-DQA1*01:02:01:03	1.0	1.0	1.0	1.0
HG01891	HLA-DQB1	HLA-DQB1*06:02:01:01/HLA-DQB1*05:01:01:01	HLA-DQB1*06:02:01:01/HLA-DQB1*05:01:01:01	1.0	1.0	1.0	1.0	HLA-DQB1*05:01:01:01/HLA-DQB1*06:02:01:01	1.0	1.0	1.0	1.0
HG01891	HLA-DRB1	HLA-DRB1*15:03:01:03/HLA-DRB1*01:02:01:01	HLA-DRB1*15:03:01:03/HLA-DRB1*01:02:01:01	1.0	1.0	1.0	1.0	HLA-DRB1*01:02:01:01/HLA-DRB1*15:03:01:03	1.0	1.0	1.0	1.0
HG01928	HLA-A	HLA-A*02:01:01:01/HLA-A*02:01:01:01	HLA-A*02:01:01:01/HLA-A*02:01:01:01	1.0	1.0	1.0	1.0	HLA-A*02:01:01:01/HLA-A*02:01:01:01	1.0	1.0	1.0	1.0
HG01928	HLA-B	HLA-B*35:01:01:01/HLA-B*35:10	HLA-B*35:01:01:84/HLA-B*35:10	1.0	1.0	1.0	0.0	HLA-B*35:01:01:84/HLA-B*35:10	1.0	1.0	1.0	0.0
HG01928	HLA-C	HLA-C*04:01:01:79/HLA-C*04:01:01:35	HLA-C*04:01:01:79/HLA-C*04:01:01:35	1.0	1.0	1.0	1.0	HLA-C*04:01:01:11/HLA-C*04:01:01:35	1.0	1.0	1.0	0.0
HG01928	HLA-DQA1	HLA-DQA1*03:01:01:01/HLA-DQA1*03:02:01:01	HLA-DQA1*03:01:01:01/HLA-DQA1*03:02:01:01	1.0	1.0	1.0	1.0	HLA-DQA1*03:01:01:01/HLA-DQA1*03:02:01:01	1.0	1.0	1.0	1.0
HG01928	HLA-DQB1	HLA-DQB1*03:02:01:01/HLA-DQB1*03:03:02:04	HLA-DQB1*03:02:01:01/HLA-DQB1*03:03:02:04	1.0	1.0	1.0	1.0	HLA-DQB1*03:02:01:01/HLA-DQB1*03:03:02:04	1.0	1.0	1.0	1.0
HG01928	HLA-DRB1	HLA-DRB1*04:04:01:04/HLA-DRB1*09:01:02:03	HLA-DRB1*04:04:01/HLA-DRB1*09:01:02	1.0	1.0	1.0	0.0	HLA-DRB1*04:04:01:05/HLA-DRB1*09:01:02:03	1.0	1.0	1.0	0.0
HG01952	HLA-A	HLA-A*68:01:02:01/HLA-A*02:11:01:01	HLA-A*68:01:02:01/HLA-A*02:11:01	1.0	1.0	1.0	0.0	HLA-A*02:11:01:01/HLA-A*68:01:02:01	1.0	1.0	1.0	1.0
HG01952	HLA-B	HLA-B*39:09:01:01/HLA-B*40:02:01:01	HLA-B*39:09:01:01/HLA-B*40:02:01:01	1.0	1.0	1.0	1.0	HLA-B*39:09:01:01/HLA-B*40:02:01:01	1.0	1.0	1.0	1.0
HG01952	HLA-C	HLA-C*03:04:01:02/HLA-C*03:05:01:02	HLA-C*03:04:01:02/HLA-C*03:05:01	1.0	1.0	1.0	0.0	HLA-C*03:04:01:02/HLA-C*03:05:01:02	1.0	1.0	1.0	1.0
HG01952	HLA-DQA1	HLA-DQA1*05:03:01:01/HLA-DQA1*03:03:01:06	HLA-DQA1*05:03:01:01/HLA-DQA1*03:03:01:06	1.0	1.0	1.0	1.0	HLA-DQA1*03:03:01:06/HLA-DQA1*05:03:01:01	1.0	1.0	1.0	1.0
HG01952	HLA-DQB1	HLA-DQB1*03:01:01:01/HLA-DQB1*03:02:01:01	HLA-DQB1*03:01:01:01/HLA-DQB1*03:02:01:01	1.0	1.0	1.0	1.0	HLA-DQB1*03:01:01:01/HLA-DQB1*03:02:01:01	1.0	1.0	1.0	1.0
HG01952	HLA-DRB1	HLA-DRB1*14:02:01:01/HLA-DRB1*04:10:01	HLA-DRB1*14:02:01/HLA-DRB1*04:10:01	1.0	1.0	1.0	0.0	HLA-DRB1*04:10:01/HLA-DRB1*14:02:01:01	1.0	1.0	1.0	1.0
HG01978	HLA-A	HLA-A*68:17:01/HLA-A*68:01:02:01	HLA-A*68:17:01/HLA-A*68:01:02:01	1.0	1.0	1.0	1.0	HLA-A*68:01:02:01/HLA-A*68:17:01	1.0	1.0	1.0	1.0
HG01978	HLA-B	HLA-B*39:14:01:03/HLA-B*40:02:01:18	HLA-B*39:14:01:03/HLA-B*40:02:01:18	1.0	1.0	1.0	1.0	HLA-B*39:14:01:03/HLA-B*40:02:01:18	1.0	1.0	1.0	1.0
HG01978	HLA-C	HLA-C*04:01:01:79/HLA-C*03:04:01:02	HLA-C*04:01:01:79/HLA-C*03:04:01:02	1.0	1.0	1.0	1.0	HLA-C*03:04:01:02/HLA-C*04:01:01:79	1.0	1.0	1.0	1.0
HG01978	HLA-DQA1	HLA-DQA1*05:05:01:15/HLA-DQA1*03:02:01:01	HLA-DQA1*05:05:01:15/HLA-DQA1*03:02:01:01	1.0	1.0	1.0	1.0	HLA-DQA1*03:02:01:01/HLA-DQA1*05:05:01:15	1.0	1.0	1.0	1.0
HG01978	HLA-DQB1	HLA-DQB1*03:01:01:06/HLA-DQB1*03:03:02:04	HLA-DQB1*03:01:01:06/HLA-DQB1*03:03:02:04	1.0	1.0	1.0	1.0	HLA-DQB1*03:01:01:06/HLA-DQB1*03:03:02:04	1.0	1.0	1.0	1.0
HG01978	HLA-DRB1	HLA-DRB1*16:02:01:02/HLA-DRB1*09:01:02:03	HLA-DRB1*16:02:01:02/HLA-DRB1*09:01:02	1.0	1.0	1.0	0.0	HLA-DRB1*09:01:02:03/HLA-DRB1*16:02:01:02	1.0	1.0	1.0	1.0
HG02055	HLA-A	HLA-A*30:01:01:01/HLA-A*23:01:01:01	HLA-A*30:01:01:01/HLA-A*23:01:01:01	1.0	1.0	1.0	1.0	HLA-A*23:01:01:01/HLA-A*30:01:01:01	1.0	1.0	1.0	1.0
HG02055	HLA-B	HLA-B*42:02:01:02/HLA-B*07:02:01:14	HLA-B*42:02:01:02/HLA-B*07:02:01:14	1.0	1.0	1.0	1.0	HLA-B*07:02:01:14/HLA-B*42:02:01:02	1.0	1.0	1.0	1.0
HG02055	HLA-C	HLA-C*17:01:01:02/HLA-C*07:02:01:01	HLA-C*17:01:01:02/HLA-C*07:02:01:01	1.0	1.0	1.0	1.0	HLA-C*07:02:01:01/HLA-C*17:01:01:02	1.0	1.0	1.0	1.0
HG02055	HLA-DQA1	HLA-DQA1*05:05:01:22/HLA-DQA1*05:05:01:30	HLA-DQA1*05:05:01:22/HLA-DQA1*05:05:01:30	1.0	1.0	1.0	1.0	HLA-DQA1*05:05:01:22/HLA-DQA1*05:05:01:30	1.0	1.0	1.0	1.0
HG02055	HLA-DQB1	HLA-DQB1*03:01:04:02/HLA-DQB1*03:19:01:01	HLA-DQB1*03:01:04:02/HLA-DQB1*03:19:01:01	1.0	1.0	1.0	1.0	HLA-DQB1*03:01:04:02/HLA-DQB1*03:19:01:01	1.0	1.0	1.0	1.0
HG02055	HLA-DRB1	HLA-DRB1*08:04:01:05/HLA-DRB1*11:02:01:04	HLA-DRB1*08:04:01/HLA-DRB1*11:02:01	1.0	1.0	1.0	0.0	HLA-DRB1*08:04:01:05/HLA-DRB1*11:02:01:05	1.0	1.0	1.0	0.0
HG02080	HLA-A	HLA-A*33:03:01:01/HLA-A*01:01:01:01	HLA-A*33:03:01:01/HLA-A*01:01:01:01	1.0	1.0	1.0	1.0	HLA-A*01:01:01:01/HLA-A*33:03:01:01	1.0	1.0	1.0	1.0
HG02080	HLA-B	HLA-B*58:01:01:03/HLA-B*57:01:01:01	HLA-B*58:01:01:03/HLA-B*57:01:01:01	1.0	1.0	1.0	1.0	HLA-B*57:01:01:01/HLA-B*58:01:01:03	1.0	1.0	1.0	1.0
HG02080	HLA-C	HLA-C*03:02:02:05/HLA-C*06:02:01:01	HLA-C*03:02:02:05/HLA-C*06:02:01:01	1.0	1.0	1.0	1.0	HLA-C*03:02:02:05/HLA-C*06:02:01:01	1.0	1.0	1.0	1.0
HG02080	HLA-DQA1	HLA-DQA1*05:01:01:03/HLA-DQA1*02:01:01:01	HLA-DQA1*05:01:01:03/HLA-DQA1*02:01:01:01	1.0	1.0	1.0	1.0	HLA-DQA1*02:01:01:01/HLA-DQA1*05:01:01:01	1.0	1.0	1.0	0.0
HG02080	HLA-DQB1	HLA-DQB1*02:01:01:01/HLA-DQB1*03:03:02:01	HLA-DQB1*02:01:01:01/HLA-DQB1*03:03:02:01	1.0	1.0	1.0	1.0	HLA-DQB1*02:01:01:01/HLA-DQB1*03:03:02:01	1.0	1.0	1.0	1.0
HG02080	HLA-DRB1	HLA-DRB1*03:01:01:03/HLA-DRB1*07:01:01:02	HLA-DRB1*03:01:01:03/HLA-DRB1*07:01:01	1.0	1.0	1.0	0.0	HLA-DRB1*03:01:01:03/HLA-DRB1*07:01:01:02	1.0	1.0	1.0	1.0
HG02109	HLA-A	HLA-A*23:01:01:01/HLA-A*33:03:01:01	HLA-A*23:01:01:01/HLA-A*33:03:01:01	1.0	1.0	1.0	1.0	HLA-A*23:01:01:01/HLA-A*33:03:01:01	1.0	1.0	1.0	1.0
HG02109	HLA-B	HLA-B*15:16:01:02/HLA-B*45:01:01:03	HLA-B*15:16:01:02/HLA-B*45:01:01:03	1.0	1.0	1.0	1.0	HLA-B*15:16:01:02/HLA-B*45:01:01:03	1.0	1.0	1.0	1.0
HG02109	HLA-C	HLA-C*14:02:01:02/HLA-C*16:01:01:01	HLA-C*14:02:01:02/HLA-C*16:01:01:01	1.0	1.0	1.0	1.0	HLA-C*14:02:01:02/HLA-C*16:01:01:01	1.0	1.0	1.0	1.0
HG02109	HLA-DQA1	HLA-DQA1*05:01:01:02/HLA-DQA1*05:05:01:15	HLA-DQA1*05:01:01/HLA-DQA1*05:05:01:15	1.0	1.0	1.0	0.0	HLA-DQA1*05:01:01:02/HLA-DQA1*05:05:01:15	1.0	1.0	1.0	1.0
HG02109	HLA-DQB1	HLA-DQB1*02:180/HLA-DQB1*03:01:01:05	HLA-DQB1*02:180/HLA-DQB1*03:01:01:05	1.0	1.0	1.0	1.0	HLA-DQB1*02:180:01/HLA-DQB1*03:01:01:05	1.0	1.0	0.0	0.0
HG02109	HLA-DRB1	HLA-DRB1*03:02:01:02/HLA-DRB1*08:06:01:01	HLA-DRB1*03:02:01/HLA-DRB1*08:06:01	1.0	1.0	1.0	0.0	HLA-DRB1*03:02:01:02/HLA-DRB1*08:06:01:02	1.0	1.0	1.0	0.0
HG02145	HLA-A	HLA-A*01:01:01:01/HLA-A*33:01:01:01	HLA-A*01:01:01:01/HLA-A*33:01:01:01	1.0	1.0	1.0	1.0	HLA-A*01:01:01:01/HLA-A*33:01:01:01	1.0	1.0	1.0	1.0
HG02145	HLA-B	HLA-B*15:18:01:07/HLA-B*78:01:01:02	HLA-B*15:18:01/HLA-B*78:01:01:02	1.0	1.0	1.0	0.0	HLA-B*15:18:01:10/HLA-B*78:01:01:02	1.0	1.0	1.0	0.0
HG02145	HLA-C	HLA-C*07:01:01:01/HLA-C*16:01:01:01	HLA-C*07:01:01:131/HLA-C*16:01:01:01	1.0	1.0	1.0	0.0	HLA-C*07:01:01:131/HLA-C*16:01:01:01	1.0	1.0	1.0	0.0
HG02145	HLA-DQA1	HLA-DQA1*01:02:01:03/HLA-DQA1*01:03:01:10	HLA-DQA1*01:02:01:03/HLA-DQA1*01:03:01:10	1.0	1.0	1.0	1.0	HLA-DQA1*01:02:01:03/HLA-DQA1*01:03:01:10	1.0	1.0	1.0	1.0
HG02145	HLA-DQB1	HLA-DQB1*06:02:01:01/HLA-DQB1*06:03:01:02	HLA-DQB1*06:02:01:01/HLA-DQB1*06:03:01:02	1.0	1.0	1.0	1.0	HLA-DQB1*06:02:01:01/HLA-DQB1*06:03:01:02	1.0	1.0	1.0	1.0
HG02145	HLA-DRB1	HLA-DRB1*15:03:01:01/HLA-DRB1*13:01:01:04	HLA-DRB1*15:03:01:01/HLA-DRB1*13:01:01	1.0	1.0	1.0	0.0	HLA-DRB1*13:01:01:10/HLA-DRB1*15:03:01:01	1.0	1.0	1.0	0.0
HG02148	HLA-A	HLA-A*02:01:01:01/HLA-A*30:02:01:01	HLA-A*02:01:01:01/HLA-A*30:02:01:01	1.0	1.0	1.0	1.0	HLA-A*02:01:01:01/HLA-A*30:02:01:01	1.0	1.0	1.0	1.0
HG02148	HLA-B	HLA-B*51:01:01:05/HLA-B*18:01:01:01	HLA-B*51:01:01:05/HLA-B*18:01:01:01	1.0	1.0	1.0	1.0	HLA-B*18:01:01:01/HLA-B*51:01:01:05	1.0	1.0	1.0	1.0
HG02148	HLA-C	HLA-C*15:02:01:01/HLA-C*05:01:01:01	HLA-C*15:02:01:01/HLA-C*05:01:01:01	1.0	1.0	1.0	1.0	HLA-C*05:01:01:01/HLA-C*15:02:01:01	1.0	1.0	1.0	1.0
HG02148	HLA-DQA1	HLA-DQA1*05:03:01:01/HLA-DQA1*05:01:01:01	HLA-DQA1*05:03:01:01/HLA-DQA1*05:01:01:01	1.0	1.0	1.0	1.0	HLA-DQA1*05:01:01:01/HLA-DQA1*05:03:01:01	1.0	1.0	1.0	1.0
HG02148	HLA-DQB1	HLA-DQB1*03:01:01:01/HLA-DQB1*02:01:01:01	HLA-DQB1*03:01:01:01/HLA-DQB1*02:01:01:01	1.0	1.0	1.0	1.0	HLA-DQB1*02:01:01:01/HLA-DQB1*03:01:01:01	1.0	1.0	1.0	1.0
HG02148	HLA-DRB1	HLA-DRB1*14:02:01:01/HLA-DRB1*03:01:01:02	HLA-DRB1*14:02:01/HLA-DRB1*03:01:01:02	1.0	1.0	1.0	0.0	HLA-DRB1*03:01:01:02/HLA-DRB1*14:02:01:01	1.0	1.0	1.0	1.0
HG02257	HLA-A	HLA-A*32:01:01:01/HLA-A*68:01:01:02	HLA-A*32:01:01:01/HLA-A*68:01:01:02	1.0	1.0	1.0	1.0	HLA-A*32:01:01:01/HLA-A*68:01:01:02	1.0	1.0	1.0	1.0
HG02257	HLA-B	HLA-B*41:01:01:01/HLA-B*42:01:01:01	HLA-B*41:01:01:01/HLA-B*42:01:01:01	1.0	1.0	1.0	1.0	HLA-B*41:01:01:01/HLA-B*42:01:01:01	1.0	1.0	1.0	1.0
HG02257	HLA-C	HLA-C*07:01:01:09/HLA-C*17:01:01:02	HLA-C*07:01:01:09/HLA-C*17:01:01:02	1.0	1.0	1.0	1.0	HLA-C*07:01:01:09/HLA-C*17:01:01:02	1.0	1.0	1.0	1.0
HG02257	HLA-DQA1	HLA-DQA1*05:05:01:01/HLA-DQA1*01:01:01:01	HLA-DQA1*05:05:01:01/HLA-DQA1*01:01:01:01	1.0	1.0	1.0	1.0	HLA-DQA1*01:01:01:01/HLA-DQA1*05:05:01:01	1.0	1.0	1.0	1.0
HG02257	HLA-DQB1	HLA-DQB1*03:01:01:03/HLA-DQB1*05:01:01:03	HLA-DQB1*03:01:01:03/HLA-DQB1*05:01:01:03	1.0	1.0	1.0	1.0	HLA-DQB1*03:01:01:03/HLA-DQB1*05:01:01:03	1.0	1.0	1.0	1.0
HG02257	HLA-DRB1	HLA-DRB1*13:05:01:03/HLA-DRB1*01:01:02	HLA-DRB1*13:05:01/HLA-DRB1*01:01:02	1.0	1.0	1.0	0.0	HLA-DRB1*01:01:02/HLA-DRB1*13:05:01:03	1.0	1.0	1.0	1.0
HG02572	HLA-A	HLA-A*68:02:01:01/HLA-A*34:02:01:01	HLA-A*68:02:01:01/HLA-A*34:02:01:01	1.0	1.0	1.0	1.0	HLA-A*34:02:01:01/HLA-A*68:02:01:01	1.0	1.0	1.0	1.0
HG02572	HLA-B	HLA-B*27:03/HLA-B*78:01:01:02	HLA-B*27:03/HLA-B*78:01:01	1.0	1.0	1.0	0.0	HLA-B*27:03:01:01/HLA-B*78:01:01:02	1.0	1.0	0.0	0.0
HG02572	HLA-C	HLA-C*02:02:02:43/HLA-C*02:10:01:01	HLA-C*02:02:02:43/HLA-C*02:10:01:01	1.0	1.0	1.0	1.0	HLA-C*02:02:02:43/HLA-C*02:10:01:01	1.0	1.0	1.0	1.0
HG02572	HLA-DQA1	HLA-DQA1*05:01:01:01/HLA-DQA1*01:02:01:14	HLA-DQA1*05:01:01/HLA-DQA1*01:02:01:14	1.0	1.0	1.0	0.0	HLA-DQA1*01:02:01:14/HLA-DQA1*05:01:01:16	1.0	1.0	1.0	0.0
HG02572	HLA-DQB1	HLA-DQB1*02:01:01:01/HLA-DQB1*06:04:01:01	HLA-DQB1*02:01:01:01/HLA-DQB1*06:04:01:01	1.0	1.0	1.0	1.0	HLA-DQB1*02:01:01:01/HLA-DQB1*06:04:01:01	1.0	1.0	1.0	1.0
HG02572	HLA-DRB1	HLA-DRB1*03:01:01:16/HLA-DRB1*13:02:01	HLA-DRB1*03:01:01/HLA-DRB1*13:02:01	1.0	1.0	1.0	0.0	HLA-DRB1*03:01:01:02/HLA-DRB1*13:02:01:07	1.0	1.0	1.0	0.0
HG02622	HLA-A	HLA-A*68:02:01:01/HLA-A*74:01:01:01	HLA-A*68:02:01:01/HLA-A*74:01:01:01	1.0	1.0	1.0	1.0	HLA-A*68:02:01:01/HLA-A*74:01:01:01	1.0	1.0	1.0	1.0
HG02622	HLA-B	HLA-B*15:03:01:02/HLA-B*50:01:01:01	HLA-B*15:03:01:02/HLA-B*50:01:01:01	1.0	1.0	1.0	1.0	HLA-B*15:03:01:02/HLA-B*50:01:01:01	1.0	1.0	1.0	1.0
HG02622	HLA-C	HLA-C*02:10:01:01/HLA-C*06:02:01:01	HLA-C*02:10:01:01/HLA-C*06:02:01:01	1.0	1.0	1.0	1.0	HLA-C*02:10:01:01/HLA-C*06:02:01:01	1.0	1.0	1.0	1.0
HG02622	HLA-DQA1	HLA-DQA1*02:01:01:01/HLA-DQA1*03:03:01:01	HLA-DQA1*02:01:01/HLA-DQA1*03:03:01	1.0	1.0	1.0	0.0	HLA-DQA1*02:01:01:01/HLA-DQA1*03:03:01:01	1.0	1.0	1.0	1.0
HG02622	HLA-DQB1	HLA-DQB1*02:02:01:01/HLA-DQB1*02:02:01:02	HLA-DQB1*02:02:01:01/HLA-DQB1*02:02:01	1.0	1.0	1.0	0.0	HLA-DQB1*02:02:01:01/HLA-DQB1*02:02:01:21	1.0	1.0	1.0	0.0
HG02622	HLA-DRB1	HLA-DRB1*07:01:01:01/HLA-DRB1*09:01:02:07	HLA-DRB1*07:01:01/HLA-DRB1*09:01:02	1.0	1.0	1.0	0.0	HLA-DRB1*07:01:01:01/HLA-DRB1*09:01:02:07	1.0	1.0	1.0	1.0
HG02630	HLA-A	HLA-A*02:01:01:01/HLA-A*03:01:01:05	HLA-A*02:01:01:01/HLA-A*03:01:01:05	1.0	1.0	1.0	1.0	HLA-A*02:01:01:01/HLA-A*03:01:01:05	1.0	1.0	1.0	1.0
HG02630	HLA-B	HLA-B*41:02:01:01/HLA-B*53:01:01:01	HLA-B*41:02:01:01/HLA-B*53:01:01:01	1.0	1.0	1.0	1.0	HLA-B*41:02:01:01/HLA-B*53:01:01:01	1.0	1.0	1.0	1.0
HG02630	HLA-C	HLA-C*17:01:01:05/HLA-C*04:01:01:75	HLA-C*17:01:01:30/HLA-C*04:01:01:75	1.0	1.0	1.0	0.0	HLA-C*04:01:01:75/HLA-C*17:01:01:30	1.0	1.0	1.0	0.0
HG02630	HLA-DQA1	HLA-DQA1*03:03:01:01/HLA-DQA1*03:03:01:01	HLA-DQA1*03:03:01:01/HLA-DQA1*03:03:01:01	1.0	1.0	1.0	1.0	HLA-DQA1*03:03:01:01/HLA-DQA1*03:03:01:01	1.0	1.0	1.0	1.0
HG02630	HLA-DQB1	HLA-DQB1*02:02:01:02/HLA-DQB1*02:02:01:02	HLA-DQB1*02:02:01:02/HLA-DQB1*02:02:01:02	1.0	1.0	1.0	1.0	HLA-DQB1*02:02:01:02/HLA-DQB1*02:02:01:02	1.0	1.0	1.0	1.0
HG02630	HLA-DRB1	HLA-DRB1*09:01:02:07/HLA-DRB1*09:01:02:07	HLA-DRB1*09:01:02:07/HLA-DRB1*09:01:02	1.0	1.0	1.0	0.0	HLA-DRB1*09:01:02:07/HLA-DRB1*09:01:02:07	1.0	1.0	1.0	1.0
HG02717	HLA-A	HLA-A*66:01:01:01/HLA-A*30:02:01:01	HLA-A*66:01:01:01/HLA-A*30:02:01:01	1.0	1.0	1.0	1.0	HLA-A*30:02:01:01/HLA-A*66:01:01:01	1.0	1.0	1.0	1.0
HG02717	HLA-B	HLA-B*45:01:01:03/HLA-B*15:03:01:01	HLA-B*45:01:01:03/HLA-B*15:03:01:01	1.0	1.0	1.0	1.0	HLA-B*15:03:01:01/HLA-B*45:01:01:03	1.0	1.0	1.0	1.0
HG02717	HLA-C	HLA-C*16:01:01:01/HLA-C*04:01:01:14	HLA-C*16:01:01:01/HLA-C*04:01:01:14	1.0	1.0	1.0	1.0	HLA-C*04:01:01:14/HLA-C*16:01:01:01	1.0	1.0	1.0	1.0
HG02717	HLA-DQA1	HLA-DQA1*05:01:01:02/HLA-DQA1*03:03:01:01	HLA-DQA1*05:01:01/HLA-DQA1*03:03:01	1.0	1.0	1.0	0.0	HLA-DQA1*03:03:01:01/HLA-DQA1*05:01:01:02	1.0	1.0	1.0	1.0
HG02717	HLA-DQB1	HLA-DQB1*02:180/HLA-DQB1*02:02:01:02	HLA-DQB1*02/HLA-DQB1*02:02:01	1.0	0.0	0.0	0.0	HLA-DQB1*02:02:01:21/HLA-DQB1*02:180:02	1.0	1.0	0.0	0.0
HG02717	HLA-DRB1	HLA-DRB1*03:02:01:02/HLA-DRB1*09:01:02:07	HLA-DRB1*03:02:01/HLA-DRB1*09:01:02	1.0	1.0	1.0	0.0	HLA-DRB1*03:02:01:02/HLA-DRB1*09:01:02:07	1.0	1.0	1.0	1.0
HG02723	HLA-A	HLA-A*26:01:01:13/HLA-A*33:01:01:01	HLA-A*26:01:01:13/HLA-A*33:01:01:01	1.0	1.0	1.0	1.0	HLA-A*26:01:01:13/HLA-A*33:01:01:01	1.0	1.0	1.0	1.0
HG02723	HLA-B	HLA-B*08:01:01:01/HLA-B*49:01:01:01	HLA-B*08:01:01:01/HLA-B*49:01:01:01	1.0	1.0	1.0	1.0	HLA-B*08:01:01:01/HLA-B*49:01:01:01	1.0	1.0	1.0	1.0
HG02723	HLA-C	HLA-C*03:04:01:13/HLA-C*07:01:01:16	HLA-C*03:04:01:13/HLA-C*07:01:01:16	1.0	1.0	1.0	1.0	HLA-C*03:04:01:13/HLA-C*07:01:01:16	1.0	1.0	1.0	1.0
HG02723	HLA-DQA1	HLA-DQA1*05:05:01:30/HLA-DQA1*02:01:01:01	HLA-DQA1*05:05:01/HLA-DQA1*02:01:01	1.0	1.0	1.0	0.0	HLA-DQA1*02:01:01:01/HLA-DQA1*05:05:01:13	1.0	1.0	1.0	0.0
HG02723	HLA-DQB1	HLA-DQB1*03:19:01:01/HLA-DQB1*02:02:01:01	HLA-DQB1*03:19:01:01/HLA-DQB1*02:02:01:01	1.0	1.0	1.0	1.0	HLA-DQB1*02:02:01:01/HLA-DQB1*03:19:01:01	1.0	1.0	1.0	1.0
HG02723	HLA-DRB1	HLA-DRB1*13:04/HLA-DRB1*07:01:01:02	HLA-DRB1*13:04/HLA-DRB1*07:01:01	1.0	1.0	1.0	0.0	HLA-DRB1*07:01:01:01/HLA-DRB1*13:04	1.0	1.0	1.0	0.0
HG02818	HLA-A	HLA-A*33:03:01:01/HLA-A*02:01:01:01	HLA-A*33:03:01:01/HLA-A*02:01:01	1.0	1.0	1.0	0.0	HLA-A*02:01:01:01/HLA-A*33:03:01:01	1.0	1.0	1.0	1.0
HG02818	HLA-B	HLA-B*58:01:01:03/HLA-B*53:01:01:01	HLA-B*58:01:01:03/HLA-B*53:01:01:01	1.0	1.0	1.0	1.0	HLA-B*53:01:01:01/HLA-B*58:01:01:03	1.0	1.0	1.0	1.0
HG02818	HLA-C	HLA-C*03:02:02:05/HLA-C*04:01:01:75	HLA-C*03:02:02:05/HLA-C*04:01:01:75	1.0	1.0	1.0	1.0	HLA-C*03:02:02:05/HLA-C*04:01:01:75	1.0	1.0	1.0	1.0
HG02818	HLA-DQA1	HLA-DQA1*01:03:01:10/HLA-DQA1*05:05:01:35	HLA-DQA1*01:03:01:10/HLA-DQA1*05:05:01:35	1.0	1.0	1.0	1.0	HLA-DQA1*01:03:01:10/HLA-DQA1*05:05:01:35	1.0	1.0	1.0	1.0
HG02818	HLA-DQB1	HLA-DQB1*06:03:01:02/HLA-DQB1*03:19:01:01	HLA-DQB1*06:03:01:02/HLA-DQB1*03:19:01	1.0	1.0	1.0	0.0	HLA-DQB1*03:19:01:01/HLA-DQB1*06:03:01:02	1.0	1.0	1.0	1.0
HG02818	HLA-DRB1	HLA-DRB1*13:01:01:04/HLA-DRB1*11:01:02:03	HLA-DRB1*13:01:01/HLA-DRB1*11:01:02	1.0	1.0	1.0	0.0	HLA-DRB1*11:01:02:04/HLA-DRB1*13:01:01:10	1.0	1.0	1.0	0.0
HG02886	HLA-A	HLA-A*30:02:01:02/HLA-A*31:01:02:01	HLA-A*30:02:01:02/HLA-A*31:01:02	1.0	1.0	1.0	0.0	HLA-A*30:02:01:02/HLA-A*31:01:02:01	1.0	1.0	1.0	1.0
HG02886	HLA-B	HLA-B*51:01:01:10/HLA-B*35:01:01:06	HLA-B*51:01:01:10/HLA-B*35:01:01:06	1.0	1.0	1.0	1.0	HLA-B*35:01:01:06/HLA-B*51:01:01:10	1.0	1.0	1.0	1.0
HG02886	HLA-C	HLA-C*16:01:01:01/HLA-C*04:01:01:14	HLA-C*16:01:01:01/HLA-C*04:01:01:14	1.0	1.0	1.0	1.0	HLA-C*04:01:01:14/HLA-C*16:01:01:01	1.0	1.0	1.0	1.0
HG02886	HLA-DQA1	HLA-DQA1*04:01:01:05/HLA-DQA1*03:03:01:01	HLA-DQA1*04:01:01:05/HLA-DQA1*03:03:01:01	1.0	1.0	1.0	1.0	HLA-DQA1*03:03:01:01/HLA-DQA1*04:01:01:05	1.0	1.0	1.0	1.0
HG02886	HLA-DQB1	HLA-DQB1*04:02:01:08/HLA-DQB1*02:02:01:02	HLA-DQB1*04:02:01:08/HLA-DQB1*02:02:01:02	1.0	1.0	1.0	1.0	HLA-DQB1*02:02:01:02/HLA-DQB1*04:02:01:08	1.0	1.0	1.0	1.0
HG02886	HLA-DRB1	HLA-DRB1*03:02:01:01/HLA-DRB1*09:01:02:07	HLA-DRB1*03:02:01/HLA-DRB1*09:01:02	1.0	1.0	1.0	0.0	HLA-DRB1*03:02:01:01/HLA-DRB1*09:01:02:07	1.0	1.0	1.0	1.0
HG03098	HLA-A	HLA-A*30:01:01:01/HLA-A*02:02:01:01	HLA-A*30:01:01:01/HLA-A*02:02:01:01	1.0	1.0	1.0	1.0	HLA-A*02:02:01:01/HLA-A*30:01:01:01	1.0	1.0	1.0	1.0
HG03098	HLA-B	HLA-B*42:01:01:01/HLA-B*27:03	HLA-B*42:01:01:01/HLA-B*27:03	1.0	1.0	1.0	1.0	HLA-B*27:03:01:01/HLA-B*42:01:01:01	1.0	1.0	0.0	0.0
HG03098	HLA-C	HLA-C*17:01:01:02/HLA-C*02:02:02:43	HLA-C*17:01:01:02/HLA-C*02:02:02:43	1.0	1.0	1.0	1.0	HLA-C*02:02:02:43/HLA-C*17:01:01:02	1.0	1.0	1.0	1.0
HG03098	HLA-DQA1	HLA-DQA1*03:03:01:01/HLA-DQA1*03:03:01:01	HLA-DQA1*03:03:01:01/HLA-DQA1*03:03:01:01	1.0	1.0	1.0	1.0	HLA-DQA1*03:03:01:01/HLA-DQA1*03:03:01:01	1.0	1.0	1.0	1.0
HG03098	HLA-DQB1	HLA-DQB1*02:02:01:02/HLA-DQB1*03:02:01:01	HLA-DQB1*02:02:01:02/HLA-DQB1*03:02:01	1.0	1.0	1.0	0.0	HLA-DQB1*02:02:01:02/HLA-DQB1*03:02:01:01	1.0	1.0	1.0	1.0
HG03098	HLA-DRB1	HLA-DRB1*09:01:02:07/HLA-DRB1*04:05:01:05	HLA-DRB1*09:01:02/HLA-DRB1*04:05:01	1.0	1.0	1.0	0.0	HLA-DRB1*04:05:01:07/HLA-DRB1*09:01:02:07	1.0	1.0	1.0	0.0
HG03453	HLA-A	HLA-A*66:03:01:02/HLA-A*74:01:01:01	HLA-A*66:03:01:02/HLA-A*74:01:01:01	1.0	1.0	1.0	1.0	HLA-A*66:03:01:02/HLA-A*74:01:01:01	1.0	1.0	1.0	1.0
HG03453	HLA-B	HLA-B*53:01:01:01/HLA-B*15:10:01:01	HLA-B*53:01:01:01/HLA-B*15:10:01:01	1.0	1.0	1.0	1.0	HLA-B*15:10:01:01/HLA-B*53:01:01:01	1.0	1.0	1.0	1.0
HG03453	HLA-C	HLA-C*06:02:01:01/HLA-C*03:04:02:01	HLA-C*06:02:01/HLA-C*03:04:02:01	1.0	1.0	1.0	0.0	HLA-C*03:04:02:01/HLA-C*06:02:01:01	1.0	1.0	1.0	1.0
HG03453	HLA-DQA1	HLA-DQA1*03:03:01:01/HLA-DQA1*05:01:01:01	HLA-DQA1*03:03:01/HLA-DQA1*05:01:01:01	1.0	1.0	1.0	0.0	HLA-DQA1*03:03:01:01/HLA-DQA1*05:01:01:01	1.0	1.0	1.0	1.0
HG03453	HLA-DQB1	HLA-DQB1*02:02:01:02/HLA-DQB1*02:01:01:01	HLA-DQB1*02:02:01:02/HLA-DQB1*02:01:01:01	1.0	1.0	1.0	1.0	HLA-DQB1*02:01:01:01/HLA-DQB1*02:02:01:02	1.0	1.0	1.0	1.0
HG03453	HLA-DRB1	HLA-DRB1*09:01:02:07/HLA-DRB1*03:01:01:02	HLA-DRB1*09:01:02/HLA-DRB1*03:01:01	1.0	1.0	1.0	0.0	HLA-DRB1*03:01:01:02/HLA-DRB1*09:01:02:07	1.0	1.0	1.0	1.0
HG03486	HLA-A	HLA-A*02:01:01:01/HLA-A*74:01:01:01	HLA-A*02:01:01:01/HLA-A*74:01:01:01	1.0	1.0	1.0	1.0	HLA-A*02:01:01:01/HLA-A*74:01:01:01	1.0	1.0	1.0	1.0
HG03486	HLA-B	HLA-B*35:01:01:05/HLA-B*15:03:01:02	HLA-B*35:01:01:05/HLA-B*15:03:01	1.0	1.0	1.0	0.0	HLA-B*15:03:01:02/HLA-B*35:01:01:05	1.0	1.0	1.0	1.0
HG03486	HLA-C	HLA-C*16:01:01:01/HLA-C*02:10:01:01	HLA-C*16:01:01:01/HLA-C*02:10:01:01	1.0	1.0	1.0	1.0	HLA-C*02:10:01:01/HLA-C*16:01:01:01	1.0	1.0	1.0	1.0
HG03486	HLA-DQA1	HLA-DQA1*04:01:01:05/HLA-DQA1*01:02:01:23	HLA-DQA1*04:01:01:05/HLA-DQA1*01:02:01:23	1.0	1.0	1.0	1.0	HLA-DQA1*01:02:01:23/HLA-DQA1*04:01:01:05	1.0	1.0	1.0	1.0
HG03486	HLA-DQB1	HLA-DQB1*04:02:01:08/HLA-DQB1*06:09:01:01	HLA-DQB1*04:02:01:08/HLA-DQB1*06:09:01:01	1.0	1.0	1.0	1.0	HLA-DQB1*04:02:01:08/HLA-DQB1*06:09:01:01	1.0	1.0	1.0	1.0
HG03486	HLA-DRB1	HLA-DRB1*03:02:01:01/HLA-DRB1*13:02:01:04	HLA-DRB1*03:02:01/HLA-DRB1*13:02:01:04	1.0	1.0	1.0	0.0	HLA-DRB1*03:02:01:01/HLA-DRB1*13:02:01:04	1.0	1.0	1.0	1.0
HG03492	HLA-A	HLA-A*68:01:02:01/HLA-A*01:01:01:01										
HG03492	HLA-B	HLA-B*44:03:02:03/HLA-B*08:01:01:02										
HG03492	HLA-C	HLA-C*01:02:01:01/HLA-C*07:02:01:01										
HG03492	HLA-DQA1	HLA-DQA1*01:02:01:03/HLA-DQA1*05:01:01:03										
HG03492	HLA-DQB1	HLA-DQB1*05:02:01:01/HLA-DQB1*02:01:01:01										
HG03492	HLA-DRB1	HLA-DRB1*15:06:01/HLA-DRB1*03:01:01:03										
HG03516	HLA-A	HLA-A*36:01:01:01/HLA-A*30:01:01:01	HLA-A*36:01:01:01/HLA-A*30:01:01:01	1.0	1.0	1.0	1.0	HLA-A*30:01:01:01/HLA-A*36:01:01:01	1.0	1.0	1.0	1.0
HG03516	HLA-B	HLA-B*53:01:01:01/HLA-B*52:01:02:02	HLA-B*53:01:01:01/HLA-B*52:01:02:02	1.0	1.0	1.0	1.0	HLA-B*52:01:02:02/HLA-B*53:01:01:01	1.0	1.0	1.0	1.0
HG03516	HLA-C	HLA-C*04:01:01:75/HLA-C*16:01:01:01	HLA-C*04:01:01:75/HLA-C*16:01:01:01	1.0	1.0	1.0	1.0	HLA-C*04:01:01:75/HLA-C*16:01:01:01	1.0	1.0	1.0	1.0
HG03516	HLA-DQA1	HLA-DQA1*01:02:01:03/HLA-DQA1*01:03:01:10	HLA-DQA1*01:02:01:03/HLA-DQA1*01:03:01:10	1.0	1.0	1.0	1.0	HLA-DQA1*01:02:01:03/HLA-DQA1*01:03:01:10	1.0	1.0	1.0	1.0
HG03516	HLA-DQB1	HLA-DQB1*06:02:01:04/HLA-DQB1*05:01:01:16	HLA-DQB1*06:02:01:04/HLA-DQB1*05:01:01:16	1.0	1.0	1.0	1.0	HLA-DQB1*05:01:01:16/HLA-DQB1*06:02:01:04	1.0	1.0	1.0	1.0
HG03516	HLA-DRB1	HLA-DRB1*11:01:02:03/HLA-DRB1*13:01:01:04	HLA-DRB1*11:01:02/HLA-DRB1*13:01:01	1.0	1.0	1.0	0.0	HLA-DRB1*11:01:02:03/HLA-DRB1*13:01:01:10	1.0	1.0	1.0	0.0
HG03540	HLA-A	HLA-A*33:03:01:17/HLA-A*02:05:01:01	HLA-A*33:03:01:17/HLA-A*02:05:01:01	1.0	1.0	1.0	1.0	HLA-A*02:05:01:01/HLA-A*33:03:01:17	1.0	1.0	1.0	1.0
HG03540	HLA-B	HLA-B*15:10:01:01/HLA-B*27:03	HLA-B*15:10:01:01/HLA-B*27:03	1.0	1.0	1.0	1.0	HLA-B*15:10:01:01/HLA-B*27:03:01:01	1.0	1.0	0.0	0.0
HG03540	HLA-C	HLA-C*03:04:02:01/HLA-C*02:02:02:43	HLA-C*03:04:02:01/HLA-C*02:02:02:43	1.0	1.0	1.0	1.0	HLA-C*02:02:02:43/HLA-C*03:04:02:01	1.0	1.0	1.0	1.0
HG03540	HLA-DQA1	HLA-DQA1*01:05:01:02/HLA-DQA1*04:01:02:02	HLA-DQA1*01:05:01:02/HLA-DQA1*04:01:02:02	1.0	1.0	1.0	1.0	HLA-DQA1*01:05:01:02/HLA-DQA1*04:01:02:02	1.0	1.0	1.0	1.0
HG03540	HLA-DQB1	HLA-DQB1*05:01:01:02/HLA-DQB1*03:19:01:01	HLA-DQB1*05:01:01:02/HLA-DQB1*03:19:01:01	1.0	1.0	1.0	1.0	HLA-DQB1*03:19:01:01/HLA-DQB1*05:01:01:02	1.0	1.0	1.0	1.0
HG03540	HLA-DRB1	HLA-DRB1*10:01:01:03/HLA-DRB1*08:04:01:01	HLA-DRB1*10:01:01:03/HLA-DRB1*08:04:01:01	1.0	1.0	1.0	1.0	HLA-DRB1*08:04:01:01/HLA-DRB1*10:01:01:03	1.0	1.0	1.0	1.0
HG03579	HLA-A	HLA-A*23:01:01:01/HLA-A*33:01:01:01	HLA-A*23:01:01:01/HLA-A*33:01:01:01	1.0	1.0	1.0	1.0	HLA-A*23:01:01:01/HLA-A*33:01:01:01	1.0	1.0	1.0	1.0
HG03579	HLA-B	HLA-B*14:02:01:03/HLA-B*50:01:01:01	HLA-B*14:02:01:03/HLA-B*50:01:01:01	1.0	1.0	1.0	1.0	HLA-B*14:02:01:03/HLA-B*50:01:01:01	1.0	1.0	1.0	1.0
HG03579	HLA-C	HLA-C*08:02:01:15/HLA-C*06:02:01:01	HLA-C*08:02:01:15/HLA-C*06:02:01:01	1.0	1.0	1.0	1.0	HLA-C*06:02:01:01/HLA-C*08:02:01:15	1.0	1.0	1.0	1.0
HG03579	HLA-DQA1	HLA-DQA1*04:01:01:05/HLA-DQA1*04:01:01:05	HLA-DQA1*04:01:01:05/HLA-DQA1*04:01:01:05	1.0	1.0	1.0	1.0	HLA-DQA1*04:01:01:05/HLA-DQA1*04:01:01:05	1.0	1.0	1.0	1.0
HG03579	HLA-DQB1	HLA-DQB1*04:02:01:08/HLA-DQB1*04:02:01:08	HLA-DQB1*04:02:01:08/HLA-DQB1*04:02:01:08	1.0	1.0	1.0	1.0	HLA-DQB1*04:02:01:08/HLA-DQB1*04:02:01:08	1.0	1.0	1.0	1.0
HG03579	HLA-DRB1	HLA-DRB1*03:02:01:01/HLA-DRB1*03:02:01:01	HLA-DRB1*03:02:01/HLA-DRB1*03:02:01	1.0	1.0	1.0	0.0	HLA-DRB1*03:02:01:01/HLA-DRB1*03:02:01:01	1.0	1.0	1.0	1.0
NA18906	HLA-A	HLA-A*36:01:01:01/HLA-A*74:01:01:01	HLA-A*36:01:01:01/HLA-A*74:01:01:01	1.0	1.0	1.0	1.0	HLA-A*36:01:01:01/HLA-A*74:01:01:01	1.0	1.0	1.0	1.0
NA18906	HLA-B	HLA-B*53:01:01:01/HLA-B*15:03:01:02	HLA-B*53:01:01:01/HLA-B*15:03:01:02	1.0	1.0	1.0	1.0	HLA-B*15:03:01:02/HLA-B*53:01:01:01	1.0	1.0	1.0	1.0
NA18906	HLA-C	HLA-C*04:01:01:75/HLA-C*02:10:04	HLA-C*04:01:01:75/HLA-C*02:10:04	1.0	1.0	1.0	1.0	HLA-C*02:10:04/HLA-C*04:01:01:75	1.0	1.0	1.0	1.0
NA18906	HLA-DQA1	HLA-DQA1*01:02:01:03/HLA-DQA1*01:03:01:10	HLA-DQA1*01:02:01:03/HLA-DQA1*01:03:01:10	1.0	1.0	1.0	1.0	HLA-DQA1*01:02:01:03/HLA-DQA1*01:03:01:10	1.0	1.0	1.0	1.0
NA18906	HLA-DQB1	HLA-DQB1*06:02:01:04/HLA-DQB1*05:01:01:01	HLA-DQB1*06:02:01:04/HLA-DQB1*05:01:01:01	1.0	1.0	1.0	1.0	HLA-DQB1*05:01:01:01/HLA-DQB1*06:02:01:04	1.0	1.0	1.0	1.0
NA18906	HLA-DRB1	HLA-DRB1*11:01:02:03/HLA-DRB1*13:01:01:04	HLA-DRB1*11:01:02/HLA-DRB1*13:01:01	1.0	1.0	1.0	0.0	HLA-DRB1*11:01:02:03/HLA-DRB1*13:01:01:10	1.0	1.0	1.0	0.0
NA19240	HLA-A	HLA-A*68:02:01:01/HLA-A*30:01:01:01	HLA-A*68:02:01:01/HLA-A*30:01:01:01	1.0	1.0	1.0	1.0	HLA-A*30:01:01:01/HLA-A*68:02:01:01	1.0	1.0	1.0	1.0
NA19240	HLA-B	HLA-B*35:01:01:18/HLA-B*57:03:01:05	HLA-B*35:01:01:18/HLA-B*57:03:01:05	1.0	1.0	1.0	1.0	HLA-B*35:01:01:18/HLA-B*57:03:01:05	1.0	1.0	1.0	1.0
NA19240	HLA-C	HLA-C*04:01:01:14/HLA-C*18:02:01:01	HLA-C*04:01:01:14/HLA-C*18:02:01:01	1.0	1.0	1.0	1.0	HLA-C*04:01:01:14/HLA-C*18:02:01:01	1.0	1.0	1.0	1.0
NA19240	HLA-DQA1	HLA-DQA1*05:05:01:06/HLA-DQA1*01:02:02:01	HLA-DQA1*05:05:01:06/HLA-DQA1*01:02:02	1.0	1.0	1.0	0.0	HLA-DQA1*01:02:02:01/HLA-DQA1*05:05:01:06	1.0	1.0	1.0	1.0
NA19240	HLA-DQB1	HLA-DQB1*03:01:01:05/HLA-DQB1*05:02:01:04	HLA-DQB1*03:01:01:05/HLA-DQB1*05:02:01:04	1.0	1.0	1.0	1.0	HLA-DQB1*03:01:01:05/HLA-DQB1*05:02:01:04	1.0	1.0	1.0	1.0
NA19240	HLA-DRB1	HLA-DRB1*12:01:01:05/HLA-DRB1*16:02:01:03	HLA-DRB1*12:01:01/HLA-DRB1*16:02:01	1.0	1.0	1.0	0.0	HLA-DRB1*12:01:01:08/HLA-DRB1*16:02:01:03	1.0	1.0	1.0	0.0
NA20129	HLA-A	HLA-A*30:02:01:03/HLA-A*31:01:02:01	HLA-A*30:02:01:03/HLA-A*31:01:02	1.0	1.0	1.0	0.0	HLA-A*30:02:01:03/HLA-A*31:01:02:01	1.0	1.0	1.0	1.0
NA20129	HLA-B	HLA-B*08:01:01:37/HLA-B*48:01:01:01	HLA-B*08:01:01:37/HLA-B*48:01:01:01	1.0	1.0	1.0	1.0	HLA-B*08:01:01:37/HLA-B*48:01:01:01	1.0	1.0	1.0	1.0
NA20129	HLA-C	HLA-C*07:01:01:01/HLA-C*04:01:01:79	HLA-C*07:01:01:01/HLA-C*04:01:01:79	1.0	1.0	1.0	1.0	HLA-C*04:01:01:79/HLA-C*07:01:01:01	1.0	1.0	1.0	1.0
NA20129	HLA-DQA1	HLA-DQA1*05:01:01:02/HLA-DQA1*05:03:01:01	HLA-DQA1*05:01:01:02/HLA-DQA1*05:03:01:01	1.0	1.0	1.0	1.0	HLA-DQA1*05:01:01:02/HLA-DQA1*05:03:01:01	1.0	1.0	1.0	1.0
NA20129	HLA-DQB1	HLA-DQB1*02:01:01:01/HLA-DQB1*03:01:01:01	HLA-DQB1*02:01:01:01/HLA-DQB1*03:01:01:01	1.0	1.0	1.0	1.0	HLA-DQB1*02:01:01:01/HLA-DQB1*03:01:01:01	1.0	1.0	1.0	1.0
NA20129	HLA-DRB1	HLA-DRB1*03:01:01:03/HLA-DRB1*14:02:01:01	HLA-DRB1*03:01:01/HLA-DRB1*14:02:01	1.0	1.0	1.0	0.0	HLA-DRB1*03:01:01:02/HLA-DRB1*14:02:01:01	1.0	1.0	1.0	0.0
NA21309	HLA-A	HLA-A*01:03:01:01/HLA-A*02:02:01:01	HLA-A*01:03:01:01/HLA-A*02:02:01:01	1.0	1.0	1.0	1.0	HLA-A*01:03:01:01/HLA-A*02:02:01:01	1.0	1.0	1.0	1.0
NA21309	HLA-B	HLA-B*08:01:01:01/HLA-B*49:01:01:01	HLA-B*08:01:01:01/HLA-B*49:01:01:01	1.0	1.0	1.0	1.0	HLA-B*08:01:01:01/HLA-B*49:01:01:01	1.0	1.0	1.0	1.0
NA21309	HLA-C	HLA-C*07:04:01:01/HLA-C*07:01:01:16	HLA-C*07:04:01:01/HLA-C*07:01:01:16	1.0	1.0	1.0	1.0	HLA-C*07:01:01:16/HLA-C*07:04:01:01	1.0	1.0	1.0	1.0
NA21309	HLA-DQA1	HLA-DQA1*01:02:01:03/HLA-DQA1*01:02:01:04	HLA-DQA1*01:02:01:03/HLA-DQA1*01:02:01:04	1.0	1.0	1.0	1.0	HLA-DQA1*01:02:01:03/HLA-DQA1*01:02:01:04	1.0	1.0	1.0	1.0
NA21309	HLA-DQB1	HLA-DQB1*06:02:01:01/HLA-DQB1*06:04:01:01	HLA-DQB1*06:02:01:01/HLA-DQB1*06:04:01:01	1.0	1.0	1.0	1.0	HLA-DQB1*06:02:01:01/HLA-DQB1*06:04:01:01	1.0	1.0	1.0	1.0
NA21309	HLA-DRB1	HLA-DRB1*15:03:01:03/HLA-DRB1*13:02:01	HLA-DRB1*15:03:01:03/HLA-DRB1*13:02:01	1.0	1.0	1.0	1.0	HLA-DRB1*13:02:01:13/HLA-DRB1*15:03:01:03	1.0	1.0	1.0	0.0
